"EmpID,Name,Department,City,Email
2001,Michael Brown,Sales,New York,michael.brown@company.com
2002,Sophia Wilson,Support,Chicago,sophia.wilson@company.com
2003,James Anderson,Logistics,Dallas,james.anderson@company.com
2004,Emma Thomas,Operations,Seattle,emma.thomas@company.com
2005,Daniel Harris,IT,San Jose,daniel.harris@company.com
2006,Olivia Martin,Finance,Boston,olivia.martin@company.com
2007,Noah Thompson,Sales,Denver,noah.thompson@company.com
2008,Ava Garcia,HR,Miami,ava.garcia@company.com
2009,Liam Martinez,Marketing,Los Angeles,liam.martinez@company.com
2010,Mia Robinson,Support,Atlanta,mia.robinson@company.com
2011,Ethan Clark,IT,Austin,ethan.clark@company.com
2012,Isabella Rodriguez,Finance,San Diego,isabella.rodriguez@company.com
2013,Lucas Lewis,Operations,Phoenix,lucas.lewis@company.com
2014,Charlotte Lee,HR,Portland,charlotte.lee@company.com
2015,Henry Walker,Sales,Detroit,henry.walker@company.com
2016,Amelia Hall,Marketing,Nashville,amelia.hall@company.com
2017,Alexander Allen,IT,Raleigh,alexander.allen@company.com
2018,Evelyn Young,Finance,Orlando,evelyn.young@company.com
2019,Benjamin King,Support,Columbus,benjamin.king@company.com
2020,Harper Wright,Operations,Boise,harper.wright@company.com
2021,Jacob Lopez,Sales,El Paso,jacob.lopez@company.com
2022,Abigail Hill,HR,Richmond,abigail.hill@company.com
2023,Matthew Scott,IT,San Antonio,matthew.scott@company.com
2024,Emily Green,Finance,Albany,emily.green@company.com
2025,Joseph Adams,Marketing,Madison,joseph.adams@company.com
2026,Victoria Baker,Support,Toledo,victoria.baker@company.com
2027,David Nelson,IT,Provo,david.nelson@company.com
2028,Sofia Carter,Operations,Salem,sofia.carter@company.com
2029,Andrew Mitchell,Sales,Mobile,andrew.mitchell@company.com
2030,Chloe Perez,HR,Tucson,chloe.perez@company.com
"
