EmpID,Name,Department,City,Email
2001,Michael Brown,Sales,New York,michael.brown@company.com
2002,Sophia Wilson,Support,Chicago,sophia.wilson@company.com
2003,James Anderson,Logistics,Dallas,james.anderson@company.com
2004,Emma Thomas,Operations,Seattle,emma.thomas@company.com
2005,Daniel Harris,IT,San Jose,daniel.harris@company.com
2006,Olivia Martin,Finance,Boston,olivia.martin@company.com
2007,Noah Thompson,Sales,Denver,noah.thompson@company.com
2008,Ava Garcia,HR,Miami,ava.garcia@company.com
2009,Liam Martinez,Marketing,Los Angeles,liam.martinez@company.com
2010,Isabella Rodriguez,IT,Austin,isabella.rodriguez@company.com
2011,Ethan Lee,Support,San Diego,ethan.lee@company.com
2012,Mia Walker,Finance,Atlanta,mia.walker@company.com
2013,Lucas Hall,Operations,Phoenix,lucas.hall@company.com
2014,Amelia Allen,HR,Orlando,amelia.allen@company.com
2015,Benjamin Young,Sales,Houston,benjamin.young@company.com
2016,Charlotte King,Marketing,San Francisco,charlotte.king@company.com
2017,Henry Wright,IT,Redmond,henry.wright@company.com
2018,Evelyn Lopez,Support,El Paso,evelyn.lopez@company.com
2019,Alexander Hill,Finance,Detroit,alexander.hill@company.com
2020,Harper Scott,Logistics,Memphis,harper.scott@company.com
2021,Sebastian Green,Operations,Portland,sebastian.green@company.com
2022,Ella Adams,HR,Tampa,ella.adams@company.com
2023,Jack Baker,Sales,Cleveland,jack.baker@company.com
2024,Abigail Nelson,Marketing,San Mateo,abigail.nelson@company.com
2025,Daniel Carter,IT,Raleigh,daniel.carter@company.com
2026,Emily Mitchell,Finance,Madison,emily.mitchell@company.com
2027,Matthew Perez,Support,Fresno,matthew.perez@company.com
2028,Sofia Roberts,Logistics,Boise,sofia.roberts@company.com
2029,Joseph Turner,Operations,Spokane,joseph.turner@company.com
2030,Grace Phillips,HR,Columbus,grace.phillips@company.com
